ID,Age,Gender,P_VOT,B_VOT,T_VOT,D_VOT,K_VOT,G_VOT,F_COG,V_COG,S_COG,Z_COG,SH_COG,ZH_COG,TH_COG,DH_COG,IY_ERB,IH_ERB,UW_ERB,UH_ERB,AA_ERB,AE_ERB,IY_DUR,IH_DUR,UW_DUR,UH_DUR,AA_DUR,AE_DUR,Condition
S051,65,male ,0.026023271137155742,0.03744856785579565,0.04746926712322571,0.033851226420933384,0.04566181515188852,0.035635323489876115,2779.4836211274073,597.3469284250767,4563.779178941355,1603.682703187708,2681.3841411578437,,1819.7541088945875,1070.859432983217,3.9082394181595532,1.8970316088848869,3.247645326971525,1.327005981869362,2.7140461359434886,1.6860787327903972,0.12647058823529495,0.04864864864864823,0.13375000000000148,0.07166666666666661,0.12249999999999915,0.15333333333333346,cc
S061,60,female ,0.01232263282555124,0.020468727883084625,0.03968364494610669,0.02127721443683672,0.03797080573254949,0.033879704575937274,2654.9248508933924,915.1307578425079,4638.129886142223,2642.5003289939928,3633.31139749385,,2207.272482730692,1318.0724419063006,4.08768625139957,2.6536880907296547,5.932793451050693,3.958139689233721,3.4566988059535784,1.4970816522666102,0.12363636363636382,0.062142857142856014,0.15000000000000155,0.07571428571428511,0.17899999999999708,0.16636363636363558,cc
S036,73,male ,,0.03103076776575842,0.02879847536110643,0.03715053668624293,0.04098527160408443,0.029305854677692974,1935.8948440457148,570.4943300657593,4364.224944273039,1655.1998064698062,4114.270933525314,,2400.305746632627,1100.5915731561456,3.939836892499044,1.8475595648671408,3.6914267387111095,1.985012269570264,3.3261704982936844,1.656032158783333,0.09812499999999924,0.0443750000000005,0.11666666666666654,0.09499999999999886,0.11333333333333387,0.10600000000000058,cc
S041,57,female ,0.027553793992542264,0.037310369294839066,0.01961358142762841,0.024619874652766056,0.04173947731079256,0.01636769858162168,2082.8127640409057,503.5863646601374,5744.118148777611,1683.9846798357794,4235.316695580029,,2003.6423980715888,684.7900745113112,4.8428433154203745,2.0141189918789006,4.418396061159212,5.096427020227138,4.622022370245485,2.084002149402832,0.12857142857142945,0.05333333333333306,0.11249999999999892,0.06375000000000186,0.14874999999999894,0.1927272727272725,cc
S059,57,female ,,0.02574131529941348,0.0233534851592211,0.05227802096015447,0.014904154799874343,0.014190530483834044,2135.363661353943,636.4078460673462,3931.5454908753027,2228.084315537745,1780.7074063832056,,1120.5960077855245,785.6476609152581,2.451087027868696,2.5848716750537,,5.624700413719358,3.607606806323736,2.4871043150110745,0.06000000000000043,0.046521739130434836,0.030000000000001137,0.08000000000000007,0.1379999999999999,0.10799999999999983,cc
S052,67,male ,0.04333855132962583,0.028789673225992907,0.03866443747834749,0.02524565606127569,0.04880087273837341,0.011516340024747327,2623.227220587916,1100.1786402765106,4188.483422808297,2609.541490761403,2680.426055611322,2013.5690020995776,2795.967196212032,1306.5029181283933,3.692099768459102,2.9188188476715187,3.0353623911793983,2.7673424912339626,3.3844674249805866,3.4736428590116697,0.16352941176470612,0.07279069767441833,0.13142857142856862,0.07833333333333314,0.1583333333333322,0.18266666666666728,cc
S002,62,female ,0.02588369963370174,0.025465558838574747,0.023752664325118952,0.020731623818359024,0.02049591006436306,0.008348965848965642,1855.9916053838488,795.5353924263126,2867.6642839048,2854.2580904465613,2716.081113285456,,,2543.193986802504,3.9565906043756365,2.5727088486295457,,,,1.782096817466245,0.03666666666666697,0.03529411764705849,0.030000000000000693,0.03249999999999975,0.03000000000000012,0.05500000000000038,cc
S076,78,female ,0.02322038807808784,0.02602596880612396,0.03579354048371313,0.03834848393214863,0.0496660862961403,0.015791255660338344,844.763315752739,475.9205880402632,2620.6880061913034,1699.8144005628048,2753.4400791145586,,631.4908354544942,558.6196962014012,4.4911274542832205,2.826916777861629,4.605858802706092,3.890944602174657,3.696498914008988,2.604544904212361,0.11583333333333325,0.07166666666666642,0.12000000000000098,0.10000000000000024,0.1233333333333307,0.16999999999999968,cc
S058,69,female ,0.035565440712956864,0.027713563395529658,0.03003333251924545,0.024353263250908874,0.0392447071704655,0.013571925519199132,2080.98080221504,900.2121528850612,5577.073280250294,3510.0604945202936,3934.036048279975,,1086.044120425641,890.3884226119033,5.020952504117727,2.391029914091121,4.414609573497628,5.294054585400231,2.9583213945823545,1.6404808228625858,0.15538461538461534,0.05925925925925951,0.06499999999999773,0.07249999999999979,0.11833333333333287,0.16500000000000006,cc
S020,58,male ,,0.018650692274978287,0.052212635945431435,0.019826133518543305,0.025879732149550656,0.03413454270597338,547.8388844570972,513.5526048545844,891.5713079416635,553.9084759757296,665.6613741602042,,,561.3433246933921,2.558913954056607,1.7520104712280322,3.7466124496711815,0.9680006614433116,4.879724677823456,1.6401112954243586,0.0620000000000001,0.05277777777777784,0.16499999999999915,0.05000000000000026,0.2333333333333331,0.12800000000000047,cc
S040,66,female ,,0.02853140245997432,0.03202536704917645,0.022198973865641847,0.04409537552394749,0.028702255794092583,2057.9274030456204,698.7862685969797,976.1520005118516,1072.6933340189012,1350.182071023729,,,1066.2954807422843,4.418118191905452,3.7833103923183535,,3.5949284280713143,3.474292788146527,2.833078057894641,0.043333333333333,0.057777777777777824,0.04999999999999893,0.08499999999999952,0.14999999999999947,0.11999999999999986,cc
S035,66,female ,0.03697861139548072,,0.06010789996850777,0.030796414910362564,0.07134541819201523,0.012031368102789486,1588.8820664783705,1297.9788964971124,2970.6408925602477,1816.7426169272749,2762.5837804506264,,,2087.8859954141603,3.5213811113902844,3.773458971922344,6.313580816159201,3.399160731542862,4.879167284403864,2.246443287892631,0.06600000000000036,0.057272727272727336,0.1633333333333328,,0.14999999999999902,0.09500000000000244,cc
S015,70,female ,0.0443612006205972,0.0218204622758178,0.06081927103458911,0.04276993083589501,0.056462606286781375,0.012079833746500679,2203.2961428755534,842.9652081915683,4070.817992833527,3449.2798072468236,3400.3112142718237,,,1385.9370223037236,4.9344063815352595,4.028068179653083,5.407398152405614,,2.9557294578444218,2.046884226210349,0.14095238095238113,0.05642857142857146,0.15499999999999892,0.03999999999999974,0.08333333333333326,0.1085714285714279,cc
S007,71,male ,,0.011388888888888893,0.01830280180053423,0.020357761286332376,0.021634886277743414,0.011924860853432584,3225.640575155191,996.809884258131,3186.813093678622,2213.6822742273057,1914.7520140369586,,1498.2057084160103,2084.9865211644587,,3.457568082758642,,5.355238981976406,3.8376072718317817,,0.04000000000000039,0.03733333333333328,0.03000000000000025,0.030000000000000467,0.09333333333333298,0.029999999999999364,cc
S016,63,female ,0.016903189306024302,0.018869043098364457,0.0343085245203016,0.02345095349347126,0.063521714281352,0.03696308750772982,1037.019105574686,709.0550112821322,3250.9839649810106,2423.4817280504362,2126.610755022225,,622.1794714335706,783.7834894124884,3.9036449588828814,3.4275535448186707,5.0192018887015895,3.3572455881962853,3.185678303351859,1.76567395544514,0.07000000000000126,0.05294117647058815,0.1279999999999994,0.05000000000000012,0.2099999999999998,0.2,cc
S005,74,female ,0.031960965665731325,0.03402628324057204,0.03381277152306625,0.032917509337793804,0.03871549966788167,0.023403035456608125,3790.846675790874,1535.2045930117981,4913.516415535799,2754.504080712254,3523.12285459592,,2497.008357625045,2495.5198487043867,4.1656527798156535,2.9408828250056307,4.819638348964424,4.207587625511859,3.1194051406106236,1.113877968275052,0.09806451612903204,0.05928571428571385,0.11333333333333565,0.07399999999999914,0.10124999999999906,0.096666666666664,cc
S001,74,male ,0.016251228468838974,0.025877556623875364,0.03194326730592964,0.0216738217133702,0.05151333243278742,0.029668332650568893,1928.1644790370847,480.9450930402688,3927.4940035194813,1896.2869062909333,2967.416699891099,380.5187169407329,1044.1367617115106,598.9848954401981,3.35842800818658,2.1699674923364642,3.928011230696588,3.483751546710157,2.590060532580482,1.3356402911412204,0.08449999999999988,0.05466666666666698,0.13500000000000156,0.0940000000000012,0.12307692307692387,0.16142857142857078,
S012,77,male ,0.018010806646148996,0.03463398773414141,0.019730322110138192,0.03933667136591831,0.04190088428996702,0.014056407251896276,3009.555157174236,493.6171194587069,4519.957911993767,2070.6345663471675,2372.9386432301762,,,915.6320452842398,3.8937005710001062,2.132367814166284,3.533217819607061,4.107794996676351,4.039415373323556,2.08894103502775,0.16000000000000014,0.04571428571428639,0.21499999999999986,0.06999999999999851,0.12500000000000178,0.11555555555555655,cc
S077,77,female ,0.04667543846459985,0.014374737945148788,0.0397875653641876,0.017808948753663442,0.034468871264819706,0.024077451401158863,2584.534649387109,538.3847615715122,5222.309207598811,1431.6144384048687,3930.3760070792696,2606.7255654638384,,1053.433713000763,4.797715630224452,2.9225495936812163,4.986694123813325,3.2897351276086235,2.8219396150731506,1.1575861483174976,0.10428571428571456,0.06500000000000022,0.09799999999999967,0.07500000000000018,0.12933333333333386,0.10615384615384607,cc
S018,72,male ,0.012920057142085994,0.02763981920115644,0.02464490791568016,0.01923501354634253,0.0650128676663441,0.017961465401238403,2144.765359592581,587.449958041258,3064.0441744569475,1063.1564609622703,1836.2710460232968,,832.9381252074147,561.4987751645507,3.464503756881355,2.1606244239263286,3.9264270684854807,2.7374322078282707,4.3028501106290316,2.6161739273767872,0.07818181818181708,0.06884615384615443,0.09999999999999988,0.08666666666666778,0.18750000000000167,0.1530000000000009,cc
S017,65,female ,0.06393063285920775,0.027797632428485503,0.02550255006843909,0.05306286340895272,0.04645003367367129,0.013290022675736424,2443.696728012049,748.5417745404767,4507.6062503842995,3851.253068837984,2981.8414129628773,,999.4842038275141,1332.8371495064127,4.686850162172634,2.9495125148130645,,2.9660668701632025,4.567564806173853,1.533800138765522,0.12500000000000056,0.05615384615384634,0.03999999999999948,0.07666666666666681,0.09000000000000045,0.11555555555555605,cc
S048,64,male ,0.01615790962305219,0.02764045487390909,0.052211012404787135,0.033766968428845745,0.02801289705844369,0.022760284452883656,1075.8648086066926,644.0758243443796,2730.696127100134,1797.7942989449466,2422.425830687699,,651.5905537339971,530.7189651127006,3.0977887141690217,1.7129610111987317,2.10621087134328,3.140270710814673,2.2000847593837043,0.8538806215296506,0.07000000000000041,0.04545454545454489,0.05999999999999961,0.07666666666666681,0.07666666666666681,0.07999999999999967,cc
S009,67,male ,0.014804973937629027,0.020730765706956426,0.034384621682859245,0.03576221397649658,0.03008115471793817,0.01499639249639251,2523.816918614291,1058.207278484628,3850.119144242936,2906.555249728589,2485.5218327530515,,2240.573610448408,1603.2071308101974,3.4406005310594545,1.44533402560658,3.6970619087406327,1.5201538131811358,3.3777129630865854,0.8877461677398164,0.08700000000000019,0.0604761904761905,0.20000000000000065,0.1200000000000001,0.19500000000000006,0.0533333333333322,cc
S068,50,male ,0.016697072768501187,0.024625334982477654,0.02192547928262201,0.06415120593691981,0.02202236652236671,0.01883580705009269,552.3599600315204,2071.097752192015,2726.2838667835485,2040.662268800981,,,,1096.1816186594501,3.4610099045175566,,2.8935470432347588,,,,0.06833333333333365,0.029999999999999614,0.21,0.03249999999999975,0.04249999999999954,0.030000000000001137,cc
S067,57,male ,,0.04706091409589508,0.032693548126156664,0.01908955618648633,0.054060979074368735,0.011724655019198059,1200.8041766892675,477.3553432844876,4040.7080686285353,2458.0174081288897,2233.4484715865187,,1820.2279052081242,936.0653075554171,4.320019125112813,1.8821081447301424,3.6483737908286185,2.6450719592636402,3.262373182250481,2.353837783385813,0.15299999999999886,0.064736842105263,0.0966666666666658,0.10499999999999997,0.1766666666666666,0.18750000000000244,cc
S032,57,female ,,0.012615931582345752,0.03007815031674665,0.025141961140726643,0.055210135461456616,0.006575963718820965,2360.9195205951332,1009.8145690289807,5360.421982007949,2857.0695070555794,4773.368555821454,,1845.2381378986288,790.6924825760069,4.104446472012191,2.254880865874095,3.5542822310275217,3.558887099348922,2.190359815436619,1.865639428888404,0.11181818181818186,0.053571428571428825,0.28999999999999915,0.08000000000000007,0.1180000000000014,0.04666666666666567,cc
S030,70,female ,0.016363363527226227,0.03226737319083428,0.027671774088976205,0.019502365983837047,0.04416435396233779,0.01565661261137663,1650.2154558739178,453.733048832949,2984.2818874738514,831.9920364742642,3438.1095921030005,,618.0386205059062,633.8352830614515,3.93133758632978,2.7354310124346934,4.379916852521942,5.5354611656118795,3.7420140072086574,1.4655064462797884,0.16999999999999976,0.045000000000000484,0.10599999999999987,0.086666666666666,0.17600000000000088,0.15368421052631626,cc
S073,61,male ,0.029268787647598767,0.013902604494748635,0.03880329720249875,0.049722911273500064,0.03953629725192028,0.01582485330290595,4410.780399375805,458.54090766536126,2487.4913826911347,2008.3844763686945,2288.457455173838,,512.1856694381654,1140.16680695661,4.430343780207794,3.1613967808517245,1.5823544675927292,3.7023385122582315,1.5956437110400814,2.9536493359687683,0.0899999999999991,0.05583333333333207,0.14999999999999947,0.06666666666666582,0.2400000000000002,0.1400000000000008,cc
S034,65,female ,0.04224284960817008,0.02960373218694938,0.022171655243749727,0.02263663158546588,0.06839874129186196,,2327.525927699911,491.160660691094,3478.35420413724,1533.226016726541,2429.72709791775,,,809.1937358772113,3.9596594109508176,2.2381146396902367,1.7348445384840732,3.743366443590578,2.441794576215937,1.312853262325567,0.11250000000000004,0.05520000000000001,0.07499999999999862,0.11499999999999932,0.12333333333333335,0.08166666666666744,cc
S055,70,male ,0.023716838786743463,0.02950021793949387,0.03612682291864965,0.02430685216067729,0.0352777143571707,0.01583483178917362,1792.7256659122645,635.0828114723978,3410.020539083872,1660.4309705358899,2751.6247104370323,,1958.6584724736733,807.3594116899202,3.3512215971614703,2.2672580777465665,2.8495718392014373,2.360664763505364,2.1994671622352167,1.1368809266791409,0.10050000000000026,0.05749999999999985,0.11374999999999867,0.08199999999999914,0.11384615384615428,0.11714285714285667,cc
S004,71,female ,0.02266301406252591,0.02236584786855393,0.030619276638857326,0.01892020099166769,0.04061598656695995,0.01739198575973491,3338.0565618547494,550.0912298063848,5330.876346900004,3102.4152444312813,3314.621369132226,,1507.1885393910293,696.2027518534194,3.841832044342692,2.2010047973749947,4.950367261637966,3.7126330987963874,3.8905387535529035,1.693403138244808,0.07821428571428624,0.04975609756097511,0.07214285714285712,0.06875000000000009,0.12666666666666712,0.09571428571428456,cc
S028,59,male ,0.04311969239734914,0.039278808493094175,0.02179884860698067,0.01619363735688149,0.04527450848331584,0.02560759129522694,1809.014343401492,592.9290990047635,2994.909557012971,1377.1092193677514,2098.503304311919,,3283.458443650059,959.1616035571301,3.743197589414311,2.1920972582253486,3.654131218114432,2.5486542903630065,2.4112839901537297,1.8928164487331725,0.11923076923076928,0.062380952380951836,0.115000000000002,0.07333333333333296,0.10000000000000042,0.08999999999999868,cc
S013,57,male ,0.013503092145953131,0.01027102481535902,0.06777116550393356,0.02319627082068632,0.036387569457797635,0.02582921047207165,2988.6153344007453,897.7666911487104,4163.620990779268,2559.013254922711,2134.639548369388,,1837.1959294406388,1384.244964392852,2.5574924753547856,1.0791541403021716,2.1140252493499063,5.671185877803974,2.9049191695443963,2.256860768908417,0.05333333333333353,0.04000000000000024,0.1119999999999992,0.049999999999999815,0.06999999999999917,0.08874999999999966,cc
S049,65,male ,0.023359616573902287,0.02727321042053221,0.04343230777159315,0.021660224695938986,0.033432120034161086,0.009315741577646513,1618.1246709440127,1337.9314951822948,1402.6089488610473,1275.515141701654,2790.9613403097874,,797.8307354817696,1887.6669187686207,1.9211122220778187,4.0983310385162435,,1.533637156248849,,3.8521510288364444,0.036999999999999734,0.03750000000000018,0.040000000000000036,0.05500000000000005,0.036666666666666035,0.04666666666666626,cc
S006,67,female ,,0.022958562212764155,0.01907918532659864,0.027876069367142087,0.01734215337786953,0.02463963615749465,1858.523388051276,1631.0528303578747,2170.880112111008,2257.014914061321,2135.0713225690456,,1089.799494359852,2096.514712654882,2.553696574667356,3.1190988364130763,2.8261537453270043,,2.8594522007616594,2.0917570130236847,0.03666666666666613,0.0465384615384613,0.048750000000000286,0.031428571428572034,0.03909090909090955,0.03800000000000008,cc
S064,61,female ,0.045509583009582855,0.02869133188375628,0.01678254836871851,0.013173472057679566,0.05384628347852199,0.01035485735796371,1656.1381822356448,428.99457152561655,4098.6347300859225,683.014415467341,2097.299047879392,,,685.9578042293989,5.062671177661237,3.824432133680909,6.0186749919521985,4.985887946972042,1.9006371833085551,2.1633921398597247,0.0916666666666659,0.0514285714285716,0.15000000000000124,0.10000000000000052,0.12333333333333367,0.15999999999999956,cc
S033,61,female ,,0.008458744499115767,0.015311359464197703,0.09697124674695168,0.019511860548397642,,1720.2084657337873,492.27956415697656,2839.1705788197132,1355.4369994998885,3379.003526710313,,755.2245014349397,714.4584716297255,3.6501847748128258,2.0550147425220437,2.6500205144917843,4.593797044255662,2.688834472172553,1.7281285256465946,0.12428571428571393,0.055833333333333325,0.08666666666666717,0.13500000000000156,0.12999999999999945,0.17499999999999893,cc
S003,69,female ,0.016635460708900027,0.020827008661488858,0.0236476346534216,0.04319002175015019,0.03783532985938465,0.017468418992868263,1805.326040464109,513.0314986030971,4227.401140582829,1857.7606258715207,2723.574723908957,,535.4308949365934,479.63706669202605,3.8081313265050056,2.602225500185224,5.366416563911283,4.845306880118644,3.8933282996462912,1.4965815824729958,0.12312500000000018,0.04703703703703633,0.09600000000000028,0.06500000000000061,0.1850000000000016,0.1133333333333338,cc
S029,72,female ,0.01796723952738688,0.014376309867380144,0.06863859632357107,0.021080665969592644,0.08287880725313694,,856.8819927412367,642.8851874623508,3374.609761030033,1211.1221440394686,3799.385086104081,,,907.135921496504,3.9966266419608334,2.4314925120455286,4.008790517314224,4.258361504925731,3.4662843476851033,1.5803554700945943,0.14083333333333395,0.0600000000000001,0.10500000000000044,0.08999999999999986,0.12000000000000098,0.1209090909090914,cc
S072,75,male ,0.011241320168014823,0.03931963211362657,0.028496950256711468,0.02543872802514357,0.04061623757969838,0.03352797028232146,1543.1399700369575,442.9261059762477,3866.632078409621,2088.905370181034,2985.665266472179,,2385.5843663419073,494.4475924309095,3.0167730401188293,1.5630380177803345,1.5490199077615228,2.7218998707566304,2.3844593538365504,0.7169652391068059,0.10647058823529387,0.07000000000000027,0.08999999999999986,0.129999999999999,0.15333333333333302,0.16909090909091065,cc
S025,67,female ,0.019327549973188408,0.026196025435232542,0.030738420098549595,0.02668690468942166,0.03320388623096015,0.03046640533877892,444.27235558430715,606.1522541222822,1355.3655468712502,1033.3666894730236,1025.10653353268,,792.6735552871567,639.8457994482569,3.1641017153048128,3.022309676323508,3.3869053665092896,,3.5540723231652387,2.8113713410752728,0.04999999999999955,0.03909090909090935,0.1033333333333332,0.029999999999999964,0.07111111111111137,0.06833333333333276,cc
S056,68,female ,0.0203858612847192,0.015989138683789858,0.01877014308416441,0.04105186427870911,0.04562212052267632,0.02878720299255022,1056.6087655691406,625.8918964335053,4704.547084879484,2479.01330873177,3248.396976114721,,,901.4981803323759,4.063032220852722,1.9414760562212008,5.171869728962255,3.9055768766378303,3.3048771206495293,1.1795297657139896,0.18769230769230905,0.050000000000000135,0.13399999999999626,0.08777777777777747,0.09125000000000116,0.11545454545454507,cc
S043,69,male ,0.02868903571545056,0.050750715063739266,0.04236965381144717,0.024424857446756487,0.03732423697709068,0.030481212937023845,2284.491009128048,502.4697459444756,3451.78717384442,932.8451761969033,2889.5019874617674,,1265.3400189465124,854.0294019462713,3.2330367581364072,1.7583434421435424,2.9254303902895518,2.0877681173071037,2.838532253873279,2.5094764909810956,0.17750000000000088,0.05217391304347939,0.15800000000000053,0.08799999999999955,0.1211111111111113,0.1019999999999996,cc
S062,64,male ,0.014323478958683909,0.01151032689026632,0.021173465297614474,0.03399801461235796,0.02388517403060904,,2351.9957913656044,645.9397998134145,4490.5964482855325,1738.4580442259603,1936.8463980372314,,,555.0508219462262,3.578850784730194,1.6570872979253484,2.6820243893596336,2.922576426962302,3.117036048223214,3.026205882696892,0.07800000000000065,0.05916666666666725,0.07000000000000027,0.12333333333333395,0.15599999999999933,0.20999999999999908,cc
S024,73,female ,0.024494787707263654,0.013559374148591985,0.03372878571761362,0.026683421896520114,0.049769620620551916,0.04350765759007421,729.867430276067,411.7056986720156,2267.5786314404577,628.6874534023633,1513.7156714110345,431.4791702232788,,555.103029948274,3.9721980845686256,3.2946349282093834,4.874671174148781,3.3789962644886886,4.128031368368445,3.1253203568861685,0.08500000000000109,0.056896551724137635,0.10399999999999993,0.08500000000000026,0.1583333333333332,0.16874999999999885,cc
S071,74,male ,0.00931438742663282,0.012008542053184357,0.011519605294384585,0.012010022145008866,0.01855849353061876,0.01471462046640326,1766.8214906629585,440.9333299265198,3321.7385093334365,1700.1567222711599,761.427370159115,,1095.4512250169612,749.3232003552084,3.4343879750163087,1.1528843769616894,3.151550120218907,1.020606689892293,2.289248065650126,1.736351024951339,0.07571428571428497,0.05090909090909088,0.16000000000000014,0.11999999999999965,0.0975000000000006,0.07999999999999917,cc
S038,57,male ,0.02238890891036647,0.016944286758116434,0.0305760196945774,0.024185507292872808,0.0512686964112886,0.015144369642348552,3401.869114857109,547.9921001867642,4835.923848754993,2917.653241878973,3131.706645930741,,2248.4351242442594,956.9462711438507,3.2564913527762585,1.82037480237164,4.245055408319357,2.834125101995693,2.8857217240202098,1.4715147931034347,0.11190476190476248,0.04999999999999927,0.17999999999999886,0.07874999999999988,0.16800000000000032,0.11999999999999995,cc
S027,78,male ,0.02183389068309793,0.02654905183076295,0.019925535447154717,0.04704255545411703,0.03251718104681548,0.04081832720021813,1396.025275811939,562.6339798126812,936.1406493490103,464.72289698781236,1494.222048962218,,,491.9648659214283,4.641320272574588,3.6261400779325483,3.652226622901188,2.784012342341544,2.5899163329117294,2.0228207009420403,0.09571428571428696,0.09153846153846082,0.11249999999999892,0.060000000000002274,0.08333333333333097,0.1933333333333328,cc
S039,66,female ,0.0231491217859201,0.015222826190547425,0.02668193166296272,0.02931331436538648,0.036890037281878486,0.02746161864796904,1563.7975305753635,560.838782700105,5155.212051846082,2426.884973404536,3804.8414025120146,,728.6059986021322,577.7242228524325,4.089110207610651,3.318721930047844,4.2316716051679535,2.551722132675036,2.2822758127037583,2.173254246334341,0.17033333333333414,0.054137931034482834,0.1090909090909096,0.06666666666666703,0.1300000000000001,0.1673684210526325,cc
S070,72,female ,0.055859793992112834,0.02446140567044302,0.02558212499698474,0.022777136174195082,0.019062529426491268,0.03376964810049247,1060.097860056615,505.82174678039337,4298.685186725389,2965.0341597856395,3681.455747212786,,,1341.2141253035284,3.9265820622360974,3.06636789679606,5.4604069418861245,3.0273245255514585,4.529262152063156,0.8417647251946878,0.17666666666666764,0.049090909090908935,0.11999999999999922,0.11333333333333387,0.1800000000000006,0.21000000000000085,cc
S019,57,female ,,0.02231592932812987,0.08493824949385065,0.01199223571285124,0.04188414328503235,0.01207817338770075,2553.486249152045,517.6139144087339,3185.998234542725,2077.166476172013,3358.1085077046864,,847.9467370297191,879.0688374940726,5.204726154777697,1.549304830518426,4.960571581337266,3.5188516135527377,2.8379009000710376,1.1080822982489926,0.12285714285714328,0.05875000000000007,0.18499999999999872,0.08999999999999986,0.16666666666666666,0.19000000000000009,cc
S011,70,female ,0.01894311596692393,0.018541533952384448,0.08283090917540904,0.020036477977805944,0.053142504367518745,0.015732503607504,1506.5620891789931,1221.7208373722635,3288.3048977498743,2894.662589816497,2573.883870243173,,1516.212744681834,1741.1282396891934,4.531602869287216,2.7845703885574693,3.541309857211276,4.139382476624088,3.6855046251204566,1.1240109741662176,0.13874999999999915,0.05333333333333496,0.09000000000000104,0.08499999999999908,0.2150000000000003,0.245000000000001,cc
S063,65,male ,,0.09607048374905423,0.02497197563473844,0.03698221164887716,0.02200856782106833,0.026636771462523082,2963.550074750976,681.4748533047599,4185.8818575568375,1932.2166039611386,2322.744507737973,,418.0222523099646,858.6657781758058,2.914993018269272,2.4397703779874425,4.01512344315275,2.2350694924950294,2.5348886348837327,1.5248715582674446,0.09777777777777727,0.06166666666666744,0.0916666666666659,0.07000000000000027,0.1080000000000009,0.08666666666666749,cc
S021,64,female ,0.033117925875785666,0.04704825320136674,0.041975526411193086,0.02481529579098396,0.07625161586814805,0.03588189383844753,1387.273599860843,569.0544055819213,2996.181377196829,3260.455231721928,2369.602797373177,,,975.5733942127097,3.3377476084892814,2.4117682148579718,,3.9987753484781563,3.722625328422039,2.733164017482133,0.19533333333333391,0.062105263157894164,0.05000000000000071,0.11000000000000232,0.1150000000000002,0.14571428571428616,cc
S124,69,female ,0.07563955885384388,0.03117272021041846,0.02092118463547088,0.019385573421288528,0.028355206234215707,0.02125547071975742,538.9537723867556,995.24364084302,4219.607082073399,1874.6002038524384,2314.573123806336,,,1175.125993595052,3.9583567157700266,,3.5230163523268674,4.322550141104934,,,0.08714285714285706,0.03500000000000103,0.1466666666666665,0.06333333333333317,0.12999999999999812,,cd
S096,71,female ,,0.030468149840750414,0.06207724539402599,0.09352257266542807,0.13380422783148305,0.0276673080888159,1702.5856839744204,858.8531626590448,1994.4060595155026,1113.1686963412956,3158.577019724522,,2049.9874997435827,804.3473136225842,2.9142252735000502,3.4203695454987346,4.5212435754593345,,2.5090418248548336,3.240948016607724,0.19428571428571115,0.053529411764705055,0.090000000000002,0.1700000000000017,0.13799999999999812,0.1925000000000008,cd
S144,73,male ,,,0.0329440007050258,0.03646505869562648,0.026129645820942925,0.028399372736107164,768.2275258640692,731.7878431625581,1289.8772727650794,1196.7343614856684,3517.726564498801,,1165.006376112915,1557.5225396814906,,,4.543806683303446,,2.7315367515436724,4.489135487836411,0.029999999999999364,0.034999999999999636,0.07249999999999979,0.029999999999999364,0.039999999999999584,0.1299999999999999,cd
S140,79,female ,0.042589468330074716,0.02944536388413965,0.02537662550165661,0.02249211181405606,0.015585108735461263,0.015332994052132062,914.1303724967644,512.2077206067538,640.7391414226155,605.6936120744391,1295.3801730274922,,590.9904730849565,695.4146188886705,3.309731426405597,2.6095509185824484,,2.9043139955800865,3.0327667312855286,1.3625458200678064,0.10571428571428676,0.06150000000000036,0.030000000000001137,0.05000000000000071,0.18999999999999845,0.1683333333333327,cd
S127,72,female ,0.012591229757898505,0.07095238095238443,0.023049800728373832,0.04377078036601878,0.0450978973407551,0.02651154401154621,4818.27988534959,783.2433696490277,5080.887620010106,1877.590896755368,1952.992834615603,,,1364.1164924079476,4.115566247419029,1.4185403227542055,5.920896743257448,,3.002489450826121,1.0919575065886484,0.04000000000000034,0.04857142857142956,0.13999999999999968,0.030000000000001137,0.1299999999999996,0.125,cd
S122,62,female ,,0.019939744258270758,0.022762845851960367,0.02703611338265124,0.061157997674451035,0.02210349076501429,2001.7903586419889,570.8859372358472,4500.441112428916,1637.7579384209464,2796.4991850358992,,,529.0223220431161,3.9516641930119305,2.2847382803940315,,4.80267430740655,2.8956267020221347,1.927799588815364,0.10099999999999908,0.06071428571428555,,0.07250000000000001,0.1337499999999996,0.11699999999999955,cd
S129,65,female ,0.015682045344947326,,0.02331261781328725,0.03220455550732712,0.02930361857936078,0.016651334113275018,1710.3483695561429,529.578716823554,3700.438458160203,744.7068916727193,2527.376566496963,,,701.8852173002995,3.600627522291788,2.545861518016302,,3.3093340926605217,3.2448798485313697,1.63167003621133,0.07199999999999962,0.04999999999999986,,0.11333333333333324,0.1274999999999996,0.1428571428571426,cd
S136,79,male ,,0.03030573593073527,0.08933319765458374,0.036535384620423265,0.0816626439772186,0.01155808477236775,2194.9837938352416,457.33824528973435,4635.323749320923,2012.9566063109867,1829.5791770474164,,3674.971933097061,2698.368305611116,4.007417483369045,4.0508987916792885,1.809329147287784,0.4892555309148986,3.9419547686781953,2.5384331313273694,0.12874999999999834,0.07181818181818142,,0.04499999999999993,0.10500000000000133,0.14000000000000054,cd
S107,77,male ,,0.019286079330723016,0.017672039830427973,0.03196648020493376,0.013163106107166377,0.020308596463084427,,,660.6352763293403,2754.981496066798,,850.1156524002197,,742.7717072261003,3.4334232587724784,3.7727574404220814,,3.55385035177378,3.3729168089042703,1.991193276759824,0.04999999999999952,0.05500000000000031,,0.04333333333333241,0.05999999999999993,0.06500000000000128,cd
S083,52,male ,0.022519542362407385,0.017378130098578026,0.02602732795210112,0.018184375613640686,0.04071768642040734,0.014233376852420319,2310.7478819932253,466.2740088449249,4414.076741887676,3774.4929675365497,2966.7401478239863,,2040.5439203908727,750.9907130164403,3.7582315925675385,2.224612502997608,3.883279336461942,4.9635697052662024,2.8384023101683415,2.410271054780876,0.12333333333333335,0.0626923076923082,0.11799999999999855,0.1250000000000009,0.1133333333333321,0.21714285714285936,cd
S145,77,male ,0.011344354293335357,0.01219312386519178,,0.006895163094249313,0.03405587715028435,0.01700953907618441,,,2569.804713273645,1145.527577103988,,,642.6757258134819,769.1545798487426,3.669768443695871,2.695302930631988,,,2.4638072271600464,1.1321348531476891,0.13000000000000006,0.07499999999999989,,,0.09333333333333488,0.10249999999999916,cd
S142,73,male ,0.04274832072256274,0.017005968906117275,0.026444262787515882,0.02661289367149284,0.02792755811761032,0.0149940185067301,1468.7075886223486,696.8927714727811,2661.406821900792,1239.9635306191285,2418.33134302512,,1171.255636051629,990.0298037388443,4.600976548825722,1.9685888401905869,6.826073606893384,3.6175288404730326,2.9702610538741023,1.7196842332020648,0.1507692307692325,0.0495454545454547,0.030000000000001137,0.11166666666666814,0.1336363636363637,0.1383333333333332,cd
S143,60,female ,0.0209632360121077,0.020037208822921933,0.03889865106449797,0.02815644780377156,0.06472113276925194,0.029689582903870363,1122.504204114806,551.8562261278099,4043.304294173913,2151.942478205953,622.2194126759778,,,1042.427267847826,2.9657789303968003,1.3678222468413164,,,4.681447791259717,2.0893010263327096,0.13900000000000007,0.05181818181818185,0.05999999999999873,0.029999999999999964,0.14999999999999858,0.18000000000000044,cd
S103,64,male ,0.008874642306846425,0.06735379243256172,0.03478832197242454,0.03559484274911018,0.04190797604358565,0.015532358397904863,3496.5468332273686,410.2828185693921,3747.245149315656,884.8696441233583,4523.6675886439725,,,2107.2246983607674,3.8075498227742277,1.751510783935701,,2.8777565403486633,2.7009861958449672,1.9877657504707216,0.12166666666666676,0.0600000000000005,0.05000000000000071,0.14999999999999858,0.19000000000000128,0.21999999999999886,cd
S084,68,male ,0.022516756063383627,0.01547285141395032,0.02024807079344033,0.03632292651344782,0.03184308406313373,0.029594206440558195,2847.6214991858587,889.7262275928282,4159.643947062761,2959.180808800488,3069.7627907454053,393.6574530868175,1615.5901419637923,1474.9631333534305,4.032259356497525,2.1158439082946305,3.0207338564685955,2.9117327283515686,2.657518516047392,1.867747859468468,0.11277777777777785,0.06137254901960831,0.07636363636363537,0.07799999999999843,0.11037037037037288,0.11916666666666635,cd
S111,66,female ,0.01981696252051476,0.04188166623811629,0.01171330512666202,0.04900221963976037,0.04014680413794771,0.05951576829835877,2598.455550204152,571.0458150428738,3391.6503869308744,2319.68235125287,,,,1410.5263156908222,2.784434682215577,,3.6907018649376697,,2.9325236162054247,1.4146861434212967,0.14400000000000013,0.045000000000001705,0.054999999999999716,,0.12499999999999822,0.10000000000000073,cd
S154,65,female ,0.011215278396559114,0.01925836002019447,0.04947997375284415,0.05945162741532665,0.035721144514607284,0.013072341490707018,1753.8237870575338,1048.251384807649,4404.855480527144,3897.1697102573344,2345.485186419621,,,780.8589977853458,3.674205098847051,1.8387163388870127,3.6673937660457767,3.316265074725368,3.2143063007656667,1.4376352981493288,0.1150000000000008,0.05375000000000018,0.17499999999999982,0.08499999999999996,0.1319999999999993,0.0966666666666664,cd
S125,57,female ,0.012477324263041822,0.019898989898992525,0.02373583720806079,,0.022638115852403832,,2308.74073238121,,5870.555739480955,2702.996324777379,,,,909.131760600178,,,,,,,0.030000000000001137,0.03249999999999975,0.02999999999999758,0.030000000000001137,0.029999999999999364,0.030000000000001137,cd
S104,64,male ,0.02676590686298989,0.016178300085441133,0.0355916067794837,0.02799484802053595,0.04810587207134418,0.04276076196924628,3427.4379578458684,1391.0982356406953,4145.906156880797,3558.226533956921,4459.7706589981535,,4228.30871102577,1477.6531813761455,4.0067466959922005,3.2076438277572104,3.3098751455186104,2.7006534185665365,3.121455401820307,2.116888638881753,0.13486486486486432,0.060333333333333565,0.19000000000000197,0.07600000000000015,0.10437499999999966,0.1100000000000024,cd
S097,68,female ,0.012775059021504257,0.0260700535233292,0.032276628400610866,0.0207926079301175,0.06557955525670453,0.013925175976703544,2793.715849025049,1265.3606585102393,5266.606161082194,4667.055316002162,4443.471080132813,,3340.1399357440887,1140.677611188842,4.892376526635363,3.0140361564969123,4.927273987978589,2.9419295179820835,1.955602236480965,1.8174737186134136,0.12941176470588214,0.0681250000000001,0.10000000000000142,0.09999999999999988,0.12100000000000133,0.14739130434782638,cd
S094,64,female ,0.02438460569412726,0.010226618304851163,0.03259380546434005,0.02860944093799205,0.04834192438055851,0.015933547328133308,2152.6299633878125,1005.7268856162564,3067.1624086626616,1914.0079612932373,2287.1663299635825,,1721.2218108915308,1402.549354510505,3.1253566438975406,2.28786021234366,5.086802479677941,5.043874789941974,3.214025802705466,1.7348211614644509,0.1081818181818183,0.06789473684210667,0.0533333333333322,0.07000000000000163,0.13222222222222296,0.2136363636363644,cd
S126,73,male ,0.01481086373943441,0.02517063110317519,0.05659116581537549,0.024081555758430767,0.03192872603587915,0.018465510140792674,,440.5400959214963,4500.8186652311515,2297.742555180597,,,1156.5021329254394,1749.847658271823,3.1227831852464343,2.5378554131176667,3.2158324823373485,2.6447976673765248,2.651855410004933,3.300729711696735,0.07666666666666651,0.05300000000000074,0.22499999999999432,0.05666666666666536,0.1366666666666673,0.115000000000002,cd
S132,61,female ,0.044233224559967255,0.02244360096415221,0.02037207053216239,0.047725935215678916,0.062357312093128926,0.027655982058585483,1728.9317969464844,533.1063755816493,4809.013648125122,3475.785973573068,4587.768767146598,,1482.25027035349,759.51062133423,4.327014751612284,2.575760863976429,6.061597210280186,2.2958893360704296,2.6093307334097604,2.3510328599385044,0.18800000000000072,0.08555555555555551,,0.06499999999999773,0.17874999999999952,0.17714285714285666,cd
S081,69,male ,0.02732630100200417,0.024237867143115228,0.027795011704615732,0.017899925341928302,0.027796008021271336,0.019445214744879813,2823.031883633508,547.1591733330033,4528.811799555104,1258.8677344561681,3288.1170730055487,,5218.3742249368015,798.7243486022297,4.360174614456228,2.136333375823184,4.071082252458143,2.9144399086378545,2.9688935823969382,1.2095582227313426,0.09227272727272756,0.05178571428571479,0.11333333333333093,0.07857142857142753,0.1287499999999996,0.08444444444444432,cd
S148,74,male ,0.010758556599569149,,0.01441211828338944,0.013668440941611829,0.01661933805456428,0.017076346153470645,944.5524690384816,,3352.273328084367,1222.683488836813,1967.8450678259087,,423.45538386090124,952.1799076905428,2.7548519535020457,1.0368274281921144,5.045844061892633,2.5989696878722093,2.413119805035345,2.4091434876390165,0.1028571428571432,0.06249999999999956,0.08000000000000007,0.09999999999999963,0.15999999999999895,0.1899999999999995,cd
S149,70,female ,,0.017621908478641538,0.02264156596215705,0.03281106996759383,0.011703715156098582,0.0509162247896191,1665.660833555215,559.0714236101368,3545.177167186342,2269.456143378109,4813.444770044125,,727.5611131314696,1229.2967730584144,5.218822013475124,1.0604436599151774,2.163262985639183,,2.7414323138117145,1.2475280324062217,0.06499999999999972,0.050588235294117816,0.10499999999999997,,0.14000000000000054,0.14500000000000002,cd
S082,66,male ,0.01549474335187284,0.010111191933537713,0.03754862122934202,0.026566712941584875,0.03226610226586045,0.034062323316710774,2105.1686706673904,1534.7792370338598,3178.6907302864074,2190.8126750081865,2795.9940612007845,,1402.6175406444727,944.7406680326652,4.114229308008421,2.1894240881222857,3.1071158951350566,3.107086630101672,2.1683457179483416,1.4104009221945104,0.168421052631579,0.08794871794871681,0.07600000000000193,0.07250000000000334,0.10928571428571283,0.11809523809523965,cd
S089,65,male ,0.016634444542603433,,0.033035751096974764,0.028546422043562995,0.028835186712170405,0.0131019377447954,1992.7264397962101,444.7124115013871,2098.40960296716,2368.428289551758,2034.1133735569613,,3276.775697154667,961.5272896405456,2.9279088660160237,2.131017841113521,2.639647100197135,3.365135316910419,3.5986330492935874,3.3329667479792326,0.12363636363636316,0.04142857142857118,0.1349999999999998,0.10000000000000082,0.08800000000000026,0.14666666666666828,cd
S100,68,female ,0.014041434755718285,0.01182942756959271,0.026069737845930342,0.02250074070371216,0.03194889791713318,0.011125968906085859,4378.357715525469,492.3028311557956,6066.466836233971,3481.0666370621916,4843.761440508216,,,753.5286156028204,3.3147274828577054,2.2008359185119244,2.120736997581419,2.343968013793301,2.0299410694640305,2.3366421414219083,0.13285714285714384,0.06692307692307672,0.24000000000000196,0.08499999999999996,0.04600000000000151,0.21142857142857,cd
S086,57,male ,0.026807771593485703,0.014136775922490241,0.02098698003216961,0.017294867830581928,0.02256635287111468,0.0123487985444507,2344.5495472028892,1580.514275540973,2441.4428849987,2597.5796910881904,1384.4823519070715,,,2020.76004723962,,1.1616453237089308,,,,1.972634629965324,0.0300000000000001,0.036428571428572,0.030000000000000693,0.029999999999999583,0.029999999999999864,0.043999999999999734,cd
S079,59,male ,,0.01579679389274169,0.03660097520321119,0.013725778168073077,0.050326345526404026,0.02544959313885349,2072.3641144999,480.17877123269653,3878.5196199315305,2368.5608665621803,2842.9079387611187,,752.7726660361133,623.3704283145089,4.689816172741536,2.4887794456777312,4.823313866938976,3.1717430563540647,2.7806096297859084,1.6566266752002166,0.17750000000000007,0.0699999999999986,0.21666666666666384,,0.15500000000000025,0.1899999999999991,cd
S090,59,male ,0.01875597211311824,0.029912455926537164,0.02646362132617301,0.019687818232027848,0.04830564465708633,0.03283640364125754,1576.9521322927615,764.2163828882843,4243.130528347857,2891.519240362488,2946.7761656163707,2994.265129139128,1557.6663702941426,1282.4916201627395,3.7778975547519,2.6013021244392687,4.474289991220111,2.54150081930558,2.5671376326272606,2.1177712823643486,0.11764705882352985,0.05052631578947317,0.08888888888888936,0.06500000000000128,0.08000000000000043,0.08769230769230664,cd
S108,61,male ,0.020401204865399186,0.016732247540052352,0.028412017071686183,0.01928114421137707,0.03121424963505385,0.01500275929525736,3747.5607886673683,634.0005199531346,3827.0626051339227,3261.8866974594093,4146.924120045063,,2075.437583263304,1440.3491406026508,4.553869011793009,2.46921225562028,3.1940680980739415,3.415122812526992,3.091004002678708,2.226769752432205,0.1933333333333332,0.08065217391304443,0.06750000000000611,0.1,0.14461538461538345,0.15136363636363273,cd
S118,77,female ,0.024838366330147462,0.06789740562503373,0.04108408339761108,0.0384709692881279,0.03652942107364216,0.02730903130955333,3258.154599646193,1784.872410697102,4091.784746462204,2930.5437543400744,3429.0098429552204,,732.2250557441445,990.9348912928101,3.913562030758453,2.3735580001306924,4.795903328280893,3.468525945942119,3.877186337006097,1.4599080636946091,0.11384615384615387,0.052222222222220914,0.13333333333333566,0.08999999999999897,0.16636363636363638,0.12749999999999906,cd
S093,68,female ,0.010006699649562023,0.018024794066816032,0.028896795999855163,0.022888236920551544,0.02615648835291869,0.0200143403652362,2328.4287044482035,1192.8304732181368,2912.8853297142327,2208.064031893074,2134.3135113509843,,1906.6940492292417,1811.3968493550146,4.5598234991457405,3.1333518460361582,6.186400079367883,,3.76156176585498,1.7312001613932195,0.036216216216216686,0.04085714285714305,0.07000000000000027,0.029999999999998767,0.09499999999999886,0.07538461538461624,cd
S139,69,female ,,0.014578907979533541,0.018601989280558232,0.026291805322417854,0.019607019213720395,0.023091777836672368,3151.8342976266053,,2389.269075519964,2405.937803648489,4820.495993180241,,2668.609090033322,1440.9423632519308,,,,,,0.2394976711023189,0.03428571428571457,0.03299999999999912,0.030000000000001137,0.029999999999999364,0.03500000000000013,0.06500000000000128,cd
S092,74,female ,0.030700641333973988,0.021905802371058263,0.03279214968598492,0.03015046778334603,0.01788684819649191,0.0231626649736406,3156.6655074355654,558.9121323677408,4232.704737989561,2661.8629693232597,3060.616914622481,,1657.3391727410115,819.5302477129776,4.368426776861162,2.79844170602265,,,3.0227212123821903,1.5078482097334742,0.13000000000000106,0.06080000000000066,,0.030000000000001137,0.20199999999999912,0.14428571428571604,cd
S095,74,female ,0.010976190476190695,0.020526603026602846,0.028498402202483605,0.026491153026868285,0.023771627843059303,0.012269491971873471,4154.453765646646,1723.8153421099155,3759.665692250691,2778.4606066254437,2793.632452194795,,1795.8513139236481,1096.6453676586314,4.194479791247431,3.646916958264905,3.12009499733149,,3.081806352184643,,0.04222222222222241,0.0363636363636366,0.05000000000000026,0.029999999999998174,0.08200000000000074,0.030000000000001137,cd
S114,66,male ,0.03854940263325446,0.017799909231901372,0.027588431890431583,0.01897718716214965,0.06138549790501927,0.024554468284358144,891.3245911917517,,2953.698689630598,507.01163267728083,827.6037658949778,,3616.2675614213385,643.4179967986149,2.3972060260176047,1.6791922887560735,3.140922362515062,2.257300570067149,2.8034018433652026,1.1506187137234214,0.0949999999999996,0.06230769230769245,0.1424999999999983,0.09499999999999932,0.14399999999999974,0.10749999999999993,cd
S080,55,male ,0.05588864838864716,,0.02383040152087841,,0.029126857182266562,,1867.5427669604148,,1921.6329568436806,1975.855602127799,1959.5892209540798,,2751.031156161085,1798.0374577539676,0.9143251592368108,,,,,,0.06142857142857151,0.029999999999999964,,,0.05000000000000071,0.030000000000001137,cd
S141,65,male ,0.007239229024942339,0.025176844571401347,0.023991688272957664,0.031311237147704674,0.018966710384931442,0.03451801683478939,1367.7657971234046,536.6206936393846,2209.9901412176887,960.6903598742116,2900.210591803064,,484.60273129114717,805.0219411241212,3.4664799912011723,3.018211180623377,5.954178421965853,4.695188765915889,3.441078459049288,1.5425496015062223,0.15545454545454535,0.06000000000000015,0.07500000000000108,0.07500000000000108,0.086666666666666,0.12000000000000108,cd
S156,71,female ,0.010603669114914284,0.01886751430245326,0.021840419362402032,0.07340322558324175,0.031882436462447934,0.016899092970518836,,1074.3229939253722,5108.134127102661,2698.756094205253,4910.473524288792,,1717.2073886181588,809.4360139141728,4.070005551548838,2.8931220178277117,2.196016705356338,4.851523107553946,2.5690003980937592,1.1497639618404187,0.12111111111111207,0.06400000000000028,0.0600000000000005,0.10999999999999943,0.20250000000000007,0.1899999999999995,cd
S087,70,female ,,,0.034280508008109216,0.06244128401177496,0.08183591590810124,0.0199180880081542,1031.9588330526117,1480.1461178421046,2534.014076300549,2436.409303583102,2537.514446508163,,750.4367748595192,942.86951225233,2.903294411502915,3.2870308893352225,,4.651992815977722,3.8676352944450367,1.7337928579419597,0.0916666666666665,0.056999999999999676,,0.1599999999999966,0.18499999999999872,0.1120000000000001,cd
S110,73,female ,0.014614120799841148,0.01816700439041341,0.03748868988470525,0.02585144666575368,0.04311937447785477,0.011425036681337986,2077.0846958007405,599.6191938584193,3167.7815980834966,1588.6130849049696,,,,720.1743035323111,3.6006803927129982,2.401876227692408,6.114732402605075,4.816921332826373,2.8719475461521133,1.527414924665864,0.13400000000000095,0.07000000000000041,0.0533333333333322,0.0833333333333357,0.13833333333333364,0.16199999999999984,cd
S130,58,female ,0.0302379234522121,0.05931978975882224,0.02657566394214293,0.029691236446266256,0.03798800197913886,0.014927937533205425,875.606831107747,581.2404312424873,6678.714033070397,1590.4670638609605,2202.151224227271,,5197.006376962478,635.0172881378679,5.170553201255191,3.0166394041075013,2.902484647419268,3.8143627182834337,4.670984312435591,1.4745609298327822,0.07000000000000027,0.05999999999999976,0.06500000000000128,0.08000000000000053,0.1,0.1150000000000002,cd
S153,68,female ,0.03447410843125453,0.05836869343696805,0.03953777508752854,0.01503036585004125,0.06319539181547107,0.039789494490866766,1744.6225355231963,,5686.327612061014,3053.0150337870728,3647.8476620987876,,,769.1838693524646,4.052158375521486,2.7121529361989083,3.0688053438957565,2.5293750920680287,3.711732661257872,1.6259085480964437,0.2428571428571437,0.05499999999999936,0.061999999999999736,0.06799999999999784,0.1516666666666676,0.1260000000000005,cd
S138,65,female ,0.026957740009898142,,0.01329545288023759,0.01219890342700225,0.04835772137709871,,1313.974491412966,998.4596098774697,,1715.8622469301831,2943.39275743253,,1262.799121449395,608.280735038363,5.3484366164985415,1.9323111663809656,,4.398533811476939,2.643650163623537,1.2568235147973492,0.14500000000000046,0.06600000000000036,0.02999999999999403,0.08000000000000007,0.140000000000001,0.16000000000000106,cd
S101,56,female ,,0.02324829931973227,0.02615504019789796,0.030210258941375894,0.02737378520430727,0.05730725623581634,1249.2244812910076,1129.1583468298022,1109.1712330948458,1067.6187837343673,992.6715838425143,,1164.0725335126713,1386.1188903032162,,,,,3.719329653951152,,0.04000000000000152,0.03199999999999932,0.039999999999992035,0.030000000000001137,0.04833333333332727,0.04749999999999943,cd
S151,72,male ,0.050477736549165535,,0.05329738610848711,0.031794315131808665,,0.02788570647114064,909.2793270222824,480.4651086465746,2797.5098812277074,1054.3398088469646,1500.9074416274093,,,980.8137702956312,3.01655279424401,1.1228147003258986,3.1631202506131566,,2.114182800857853,2.6955710832355493,0.1825000000000004,0.057142857142857065,0.1019999999999989,,0.08000000000000043,0.12857142857142811,cd
S135,74,male ,0.013788394145535676,0.013215316429601387,0.024898492210734195,0.02807462378890572,0.0361165088044757,0.026879509379512,563.6114044078569,,3581.572849184436,3034.012205895596,3037.499018359435,,444.96241576105086,1004.6453106288504,3.21365410010252,1.4619376903611296,3.280316306692616,,2.3478898347511623,3.655737080557017,0.06437500000000007,0.042499999999999837,0.1700000000000017,0.0400000000000027,0.0460000000000008,0.060000000000002274,cd
S137,64,female ,0.016056036837648342,0.021154154678999504,0.017716012734548512,0.040315854282292916,0.04374570770341428,0.029782808767694745,935.2592559408247,467.56395455596174,3892.35989416836,1633.1433564333013,2825.831798106794,,,1041.7854916638466,3.9221638281120215,2.3068893092582057,5.729210583358551,4.218580191438445,1.899989961571592,1.2677521879440448,0.07222222222222206,0.06458333333333373,0.1233333333333313,0.06499999999999995,0.17142857142857185,0.11769230769230887,cd
S116,62,female ,0.02005995327424041,0.010937965602600741,0.10677441646718017,0.04056442965277896,0.029767550712384863,0.050973441902012105,2969.0488767153133,,5075.3639205099735,4356.456646533616,5057.383213442323,,2246.1157816437617,2027.2655734386026,4.547319587772371,3.262762332221578,6.568477466531942,3.4378839721070262,4.106635813435451,1.4486344390269197,0.14363636363636348,0.0765000000000005,0.054999999999999716,0.1649999999999956,0.21999999999999828,0.09333333333333134,cd
S128,59,female ,0.01699763831751433,0.015871889834502422,0.044102807300290564,0.01829612777808392,0.05894821560354231,0.016319690509973842,2784.2007621044318,483.1553087930442,5362.2727520361705,3183.697319889376,2292.530536966028,,,1361.814440403752,3.8066371906403673,2.2611059939774734,6.1625207214433,5.941768380036137,3.1819893767128535,2.756867123401048,0.07200000000000059,0.04181818181818141,0.07499999999999972,0.05666666666666605,0.1639999999999997,0.09500000000000182,cd
S150,58,male ,0.045662996423866176,0.01811272206124033,0.02084602788223968,0.02262924893388944,0.06050300715323509,0.01674316324585856,1062.6001494231405,,1153.7550706768172,442.56644914704805,1353.5126904526635,,,543.0869130626179,3.008363480902992,1.8582500601955765,1.5996237179469732,1.2803861635099023,2.8894710393575487,1.3339923002506844,0.19285714285714345,0.06300000000000003,0.09999999999999963,0.08999999999999986,0.13666666666666702,0.12333333333333395,cd
S198,68,female ,,0.007769596474954454,0.03132651506971326,0.05255805857905852,0.08051770397599968,0.01859358895073271,1484.9385830516608,1517.9615228685566,1980.0160332378125,914.5641306537436,2008.5697366624795,,2038.3488937470127,1385.6153358434385,4.5787773180515625,3.1984058483472126,5.5681251740999045,,2.961946462821266,0.7740401806946023,0.07000000000000027,0.04562500000000025,0.1033333333333332,0.0433333333333327,0.07666666666666623,0.17999999999999972,cd
S187,58,male ,0.013862996406150073,0.028686889891884573,0.03616964695000093,0.032055221140639904,0.02666051946090313,0.019703149542524657,1499.0002289330487,1050.1792719963612,4095.902519234208,1380.7271505213794,3657.691426131977,,610.0400788045863,1251.9063942726202,3.444377058738413,2.5355501057569896,3.1113700087060363,3.1070840205727945,2.196817884661296,2.662484499495975,0.08172413793103611,0.05673913043478075,0.2900000000000205,0.0850000000000044,0.10300000000000242,0.096363636363634,cd
S196,59,male ,0.017330019537070473,0.016890132209689934,0.01947918247278808,0.028127411286252367,0.03231130941286353,0.014736770032687476,1723.5235615369775,539.5489144936539,3696.556154660978,2268.327983197977,3585.164961686245,,1272.4906246189598,651.5318079291945,4.489511850509603,2.4073334936285984,1.774944772935722,3.5072443553328707,3.0495766377046576,2.240922257764477,0.08833333333333353,0.04400000000000004,0.09333333333333373,0.07666666666666681,0.10999999999999943,0.15333333333333274,cc
S184,69,male ,0.022394280767267655,0.018859898153025054,0.03519499062336773,0.032936885033188236,0.038751256332069765,0.022532761384582045,1040.4398695625957,521.3330853805209,3026.331187226576,1030.1128831291176,2623.8760691225325,,542.618616690392,560.8624744598461,3.1321962135880286,1.709943963904652,3.3256186980850773,2.215223866172631,1.750704222822732,1.2085701379114593,0.14454545454545428,0.07629629629629704,0.13000000000000106,0.12166666666666705,0.13714285714285854,0.14466666666666678,cc
S181,65,female ,0.024400950605476684,0.03246405008292541,0.02940195556973148,0.012730887858735626,0.04879730055699323,0.0181245579122642,1193.0110293795344,640.5103666995491,4098.161176535636,3962.0846462235454,4219.4018254857565,,2704.5942408994533,1031.5622078629035,4.359196267884796,2.153290080317713,4.168449262310465,3.8432445196290272,2.5805596868867458,1.7943603300090336,0.128333333333334,0.06578947368420977,0.07599999999999607,0.07500000000000108,0.13166666666666713,0.17166666666666627,cd
S176,69,male ,0.01834178519892831,0.01603638425066478,0.036674122676470966,0.027956210550598826,0.026798819855718584,0.01922830687831194,2680.066717414977,712.4268108041374,3314.1022109856513,1773.6938016980341,2545.927408066104,,615.6923690176862,1006.5868674585106,3.8317465373580437,2.478995156042461,3.9429437585682208,3.4040758675059126,2.4163400244009554,2.1029081038929878,0.12949999999999856,0.06312499999999949,0.14833333333333226,0.08000000000000114,0.0983333333333339,0.07999999999999963,cd
S175,69,female ,0.008774256167118466,0.021139566631404705,0.028822897277886374,0.0227895327811809,0.02426817950830481,0.03135998551713312,1727.4692199012784,780.5917102360406,3751.080707226529,2253.2805512837576,3454.6402059498546,,964.6601688080934,1195.1020299950956,4.514675225807177,2.3650344453162595,3.4424929698631703,3.3883646807410086,3.3860885445932483,1.8295427889781664,0.1442857142857143,0.05966666666666714,0.1266666666666687,0.10499999999999997,0.15857142857143028,0.16916666666666633,cc
S189,63,female ,0.02010461760461624,0.020505909434490373,0.01849355150145504,0.024192055375806376,0.028364409400130814,0.01894775745796835,2404.545132481317,2555.809127642364,2913.675776135947,2711.212535887062,3756.334858816464,,2151.7173166826515,1924.130746494796,4.305715988123081,4.152738628180393,,,3.692721340852761,,0.0500000000000019,0.032857142857141905,0.04333333333333182,0.030000000000001137,0.038333333333334,0.030000000000001137,cd
S163,71,male ,0.02307678561018633,0.017226770339578222,0.032197585949237516,0.01825841128563599,0.05771573220692215,0.0494857679472851,2408.3030106845918,843.7058422735402,3535.8068532137777,1374.617733941133,3004.770353305628,,2658.1438282875515,613.0631263059124,3.5744781671225367,2.0365010120138143,2.672562768498484,1.7926713345153729,3.071966576500168,1.8939385258268704,0.13458333333333342,0.05937500000000021,0.08571428571428642,0.0983333333333339,0.14272727272727145,0.17461538461538376,cc
S203,56,male ,0.015023032523032496,0.02754565363302941,0.020933265799846446,,0.024339765925478558,0.0242944856171178,2713.961140782794,462.1113648573549,482.898702709702,2246.945493189847,4599.011894313966,,,901.0148356120712,3.59286457302378,2.218732856035343,5.686768908266957,2.408918594333286,3.6014179979664656,0.4189320302806657,0.1211111111111108,0.06499999999999921,0.25,0.12666666666666662,0.06714285714285673,0.11499999999999845,cd
S190,72,male ,,0.040077561327560574,0.02547783369245923,0.021215287635012813,0.03348291600899175,0.021447314703822842,,,3491.855919675859,2702.0750206969155,2485.546496308323,,,1234.1884286821655,1.8184440350189368,1.790275573365819,2.2523785979039737,,1.5300589161043752,,0.08857142857143023,0.05142857142857237,0.09000000000000341,0.04000000000000152,0.10500000000000044,0.030000000000001137,cd
S205,50,male ,0.05103579527048652,0.06026737573573845,0.05004583882657236,0.023775118938850426,0.031977659787620696,0.013077200577200188,2815.953332565842,627.8731127520516,4559.728759849005,1819.1789661358805,,,,1089.3178525427154,2.9944728123034388,1.3386721184130574,,2.5558627524572866,3.504377589564689,1.1239697321324815,0.16249999999999876,0.046153846153846816,,0.10999999999999943,0.09800000000000182,0.16599999999999965,cd
S188,55,female ,0.060397025007187466,0.04997454692832548,0.20102427205299805,,0.02880270963605014,0.019001901097134063,,1187.989145305152,4519.871701465001,1012.8680903745392,,,,889.2759942082471,3.6281667302683256,3.4829635335780984,,,2.9383654409843887,2.012431273508998,0.1299999999999999,0.05999999999999695,0.03999999999999915,0.04999999999999717,0.19500000000000028,0.3500000000000014,cd
S177,65,male ,0.023609572673066737,0.0360443084401445,0.061385928476679424,0.03643918450744232,0.04594928239035556,0.024756854256857246,2930.640089706676,1665.5379915149563,4086.4274154826094,3793.5829550498906,3109.8517180094896,,640.8891801108507,1659.6851925867386,3.0778781782733176,1.9583324077255968,2.7804205303848457,0.5537468337060608,3.3153583947297944,2.0592037028861823,0.1016666666666642,0.056785714285714224,0.20000000000000007,0.05000000000000037,0.09875000000000178,0.1376923076923071,cc
S168,71,male ,0.010005572658635664,0.010436010349804016,0.07709875647179172,0.016697885241485192,0.050110784717927626,0.021488482960445587,964.8624182075313,435.8590881845677,2270.93991975453,1335.6609677958315,1977.413931239019,,,1109.505932550613,4.41219215025892,3.633601296384092,3.853603565768549,2.8592055698924423,5.028904265994137,2.3803151220295917,0.21285714285714247,0.07733333333333257,0.2433333333333335,0.1200000000000001,0.06166666666666624,0.08999999999999986,cd
S167,65,male ,0.02336268963252211,0.02053708509459208,0.0232446995663815,0.02687910775112304,0.017019366712801798,0.01939492648754227,1891.9503350061013,1580.0675306664943,2815.913462611332,2279.526710170472,3077.3018656880085,780.6932028636983,1540.9250677546897,1548.0036813150755,3.6357938639580287,2.251615897847912,1.700136107235276,1.2225755346883265,1.7129554104847453,3.0392348894263987,0.04869565217391448,0.04135135135135215,0.039000000000004316,0.04249999999999688,0.0528571428571408,0.05600000000000136,cd
S202,71,male ,0.015882787854141142,0.025511836787950173,0.06090267807216311,0.009583119045840268,0.02520309079121641,0.014459662464677338,1334.1260381562188,514.0252527402279,2226.9142925367787,878.3518553154256,2909.320470778548,,,897.2345008808867,2.624845324234798,1.4778284224949858,1.8107380414792835,2.475529919934569,3.0941328893393765,1.4117253590439685,0.1366666666666679,0.06549999999999975,0.19999999999998866,0.13166666666666593,0.1680000000000014,0.1949999999999985,cc
S164,73,female ,0.008894557823129645,0.02576530612244809,0.014799869442726266,0.02637507730364863,0.02224479488765221,,1228.1805724195094,1072.1901812289707,922.9115429378037,2296.3577618346867,1492.6552940015015,,592.8117630558859,1889.1873360802813,2.4861638965824695,,,,,1.2401873594169466,0.04076923076923072,0.030909090909091018,0.03666666666666663,0.030000000000000467,0.03333333333333292,0.05500000000000016,cd
S193,73,female ,0.030698971634503282,0.038832111256621005,0.01902527980471656,0.02526599965148842,0.042351431900504416,0.016192245045121883,1409.2619266218132,429.6973442795459,3934.3697367874433,1334.2457782680685,3083.23808541444,,1071.7021699869586,801.4789070627296,3.94520057230028,2.457424329322929,5.170355287013504,3.767868052548272,2.9144056351103838,1.5697590343169006,0.12105263157894725,0.059655172413792576,0.13999999999999702,0.09499999999999886,0.12615384615384725,0.12428571428571533,cc
S201,63,female ,0.011677489177493785,0.05676258045305626,0.0912935141274318,0.014664516369019038,0.05015023019308664,0.04451102666216459,3668.605995999367,738.6045346868941,5405.050920094102,4027.178521611376,3853.424501279728,,650.0549003765468,1196.5504214608106,3.2527155096844984,2.0564441106020364,5.29379634491924,3.9211306356795843,4.006040540352407,1.4912623121834416,0.07374999999999933,0.05692307692307597,0.08000000000000007,0.07000000000000027,0.20333333333333314,0.15400000000000064,cc
S173,79,female ,0.032133889919602865,0.016566679589068656,0.03366833046917892,0.0275857088023458,0.04407190595400288,0.02742132510348512,2075.461358560837,1051.9827586029494,4955.3811584680825,2724.9499200441987,2900.105800219744,,3909.198796436645,1440.3462274463839,4.585234467576547,2.285656600696069,5.9366787092292865,4.888077043355028,2.328260183162966,2.5766359908088217,0.07647058823529332,0.050833333333333286,0.17999999999999852,0.056666666666667226,0.08249999999999869,0.13636363636363702,cd
S182,60,female ,0.01598587920017754,0.01928043473281776,0.032019253611097684,0.013658922804330231,0.0208572527246054,0.01300622437526992,1584.0320411862936,1125.5676469497616,1967.5046870939896,2775.2349161787915,2152.283019133763,,2552.3194639885555,1612.6704374091532,,5.107504192486832,,,,2.53702847476594,0.0307692307692323,0.033157894736841866,0.030000000000001137,0.03500000000000133,0.033749999999997726,0.046666666666666856,cd
S199,67,female ,0.008539786274056379,0.01877571507672826,0.026768047267820703,0.03333795874213363,0.04566345667112137,0.050525781182463085,3761.1393267463427,658.2203540681937,4709.227062825255,4093.7624815633726,3517.4878727919195,,4276.3524323043985,1643.5780453151651,3.1428663765287745,2.1668183424014305,3.0973643781951634,3.0949763465710425,2.4991582456733883,1.2210629775615172,0.14333333333333326,0.06611111111111094,0.08333333333333304,0.10250000000000004,0.1299999999999995,0.16142857142857128,cc
S185,57,female ,0.031736239950526546,0.01646199605383484,0.019574944455897064,0.01720092077235047,0.014354460134222868,0.019696159849222208,2363.443354487219,2145.1043458294325,3372.760392731668,1556.4606885690825,3111.718494502926,,2884.290035433985,1985.3520915757751,4.4931740312864745,4.438738356899174,3.2208416975787726,,3.758273155626117,1.3998302784183314,0.04769230769230758,0.033846153846154116,0.0600000000000002,0.030000000000000467,0.08600000000000066,0.04799999999999969,cd
S165,64,male ,0.033278533635675345,0.05718469927653776,0.1041989687756902,0.03027862811791877,0.048241011114737435,0.025280411828041117,1891.0519157563888,2903.807955414339,4733.849707385759,3260.002071935705,4264.4073742290975,,2550.576394984781,1516.483094505625,4.143364989139922,2.0874760739919003,3.3098757692683574,5.837702062606881,,2.0758845651345674,0.06428571428571507,0.04733333333333268,0.07499999999999929,0.04999999999999938,0.04000000000000152,0.03714285714285648,cd
S169,78,male ,,0.010238446572579107,0.04705471042864368,0.01435754574192316,0.021955005475054933,0.01803889786608792,3458.336917928958,634.5286675569008,4840.581754807845,3082.222232922374,4399.3892495473965,,,1099.1627931382377,4.702361831509673,2.599704073208076,4.625581308113858,2.025106995726548,2.2526408069443,1.3857772664892651,0.14999999999999925,0.05571428571428542,0.28000000000000114,0.09333333333333373,0.10999999999999943,0.0699999999999991,cd
S171,69,female ,0.015824997983386883,0.019793292497373827,0.16116309232412646,0.029946725993944767,0.094994861936327,,1607.2753223032626,961.2492281674763,1476.8446273674833,631.8010835908457,,,802.3037020004077,623.260634931547,2.9609467653559234,0.6174739611759474,3.3140874515638967,,3.4987284592753065,1.7994796485178406,0.2183333333333328,0.03599999999999959,0.245000000000001,,0.13000000000000256,0.1879999999999992,cd
S161,55,female ,0.015733411209598813,0.008948361162648855,0.07241866238908515,0.03967970860860278,0.06140565334921096,0.013397087039943578,4641.4402266767465,1079.3147105384162,4778.427720859904,4266.5868078086905,3676.4142125412586,,5094.893433474512,1383.6528622510646,3.840020712154949,2.3937891776557385,4.6358058714795485,4.58641272482504,2.836469229993148,1.874209778039516,0.08846153846153842,0.06000000000000029,0.10500000000000044,0.06750000000000013,0.08222222222222204,0.0855555555555561,cc
S170,51,male ,0.010648835291692471,0.01864821686250262,0.027039527932385062,0.023288822962002874,0.017364072157305028,0.007144403215832541,1204.317829394951,767.6311037544383,4704.538846700147,2392.7169438314263,3943.5960247405096,,,1091.7783154461383,4.341140133132057,2.2936929304836813,,3.5615319754795016,,,0.06999999999999994,0.04538461538461548,0.05499999999999949,0.053333333333333975,0.032499999999999966,0.029999999999999437,cc
S183,75,male ,0.013632596697490841,0.05541787244674712,0.02115540723521483,0.04649878068108658,0.0238075409752736,0.02785913945724694,3298.649554496144,508.800067242178,5688.3406620363485,2747.6701696024256,3397.6489378203773,,1060.6348550244709,1059.271365153345,3.5908791213165987,2.118500949628431,4.233112388455126,1.8027657615361297,2.834115403997965,2.528440037017518,0.1379999999999999,0.06815789473684168,0.11000000000000296,0.12714285714285695,0.17125000000000146,0.16299999999999884,cc
S180,74,male ,,0.02343728833524672,0.030488565743352236,0.01330197845391782,0.018280607983919502,0.039538961038962483,3413.536841619896,635.6969079870937,3270.025216514301,2757.934958670005,3235.2513831243987,,,1281.9959516295642,3.504456644854559,2.6921677448876324,3.493754893766768,1.565724076322849,3.3070948407416227,1.9099660956752964,0.1833333333333325,0.07416666666666583,0.16999999999999993,0.09333333333333373,0.09000000000000208,0.1139999999999972,cc
S160,63,female ,0.007925453151811368,0.042262430700045095,0.02042012644275476,0.02337849253920776,0.03296061279382505,0.01535511432168235,1352.429368162096,473.96581340304743,3675.561256426037,1397.3438541695245,2103.627491907038,,452.6165765203058,709.6414627877397,4.203113486063439,2.2980835771500683,3.4329927471876185,2.6527303522542773,4.177197123584402,2.2384682441627337,0.23499999999999965,0.0592307692307698,0.0900000000000003,0.08000000000000185,0.12500000000000044,0.11000000000000076,cc
S186,63,male ,0.0094414087760466,0.012708635500301924,0.02747799307871397,0.027087390915962573,0.041639825953311456,0.01815694740297857,3031.341969545991,1111.2066455308263,3666.091508181104,1879.2843386777868,2202.6358878471697,,796.7164477606085,779.5796801428831,4.304784942109127,2.516744656654736,4.07273177013321,1.4223573351336751,3.604551342958292,1.404427371573042,0.15909090909090862,0.06781250000000069,0.15999999999999925,0.0699999999999994,0.1933333333333328,0.14857142857142908,cc
S204,56,male ,0.007575726597973898,0.04727445163429311,0.025620187537460558,0.027200112402648042,0.02815415135480026,0.07160740053597436,2374.629806382057,458.8628542285869,4222.593149172597,1734.9642493924716,2678.558735379021,,2036.6646956596703,546.3239715707608,3.657309700984102,,5.219229740000091,2.8014073346867985,2.9864001361465013,2.2642107812377423,0.10749999999999926,0.0407142857142858,0.1150000000000002,0.11499999999999845,0.12250000000000115,0.17749999999999974,cc
S174,67,female ,0.03360949019179582,0.013887463976424376,0.03873292651853908,0.02430531530436171,0.04972862554677227,0.027877996478986592,3432.0541774046037,909.5827732082696,5414.1532758355215,4833.115046984264,4133.7904660903305,,3629.011798261653,1090.1930622628329,3.8632622971495314,2.3729218504647065,4.460923713985675,3.4669895601635417,3.0424437802562636,1.7865772665817672,0.15787878787878806,0.06224489795918355,0.1849999999999992,0.10714285714285587,0.13285714285714448,0.15947368421052655,cc
S172,78,female ,0.04226227786126646,0.03202543493383685,0.023000895746329488,0.02551244197287415,0.03608944768368647,0.02281956809798737,1559.2791100892664,471.5788981375272,2877.270641105164,1369.5080396940475,3304.626866323263,633.3494591415965,4121.467144063644,961.7749690851633,4.714585470177014,2.515034612382729,5.4398456292927735,4.580912640405646,3.6916359663323735,1.5106470749593317,0.12428571428571418,0.04925925925926012,0.052500000000001545,0.07818181818181877,0.14846153846153884,0.10555555555555507,cc
S197,61,female ,0.008869595556788571,0.043310482201542655,0.021684080800920214,0.030125013974492094,0.02665642114321661,0.031107196244461118,1115.580825370197,473.84333420283883,3288.151557033465,1874.6038822837768,3424.3357856098028,,,547.9595478890499,3.958232002925592,1.7905813452266481,5.446007995927934,,5.275028267640937,1.8930836963823443,0.2525000000000004,0.05399999999999956,0.12000000000000455,0.0533333333333322,0.1999999999999993,0.13750000000000195,cc
S206,65,male ,0.02008453783799382,0.017157596953855325,0.02167027662001271,0.02130712408598789,0.057952780575908136,0.01195439452447893,2703.920183114934,524.3223491249603,4304.699928156653,2292.965357917601,4501.652758859837,,2604.8447312873864,1031.670279915251,3.8112114501082464,2.127450766974405,5.391298009081236,3.974909236226725,3.2109507190997517,2.191296617050745,0.100714285714287,0.06039999999999977,0.19000000000000128,0.1299999999999999,0.2099999999999973,0.11600000000000035,cc
S200,69,male ,,0.043731036082146346,0.02022025631209452,0.028052379970749084,0.058290819762250125,0.015103791011356725,925.1443723349053,515.1769726533196,2381.470167644231,1056.1483455926673,2500.671591510309,,1146.4449952283915,649.4369906283509,4.2133927218976845,1.3537044362890012,,3.6012313024324034,3.1101613747566392,2.422095343776739,0.17583333333333315,0.05615384615384605,,0.12000000000000098,0.05999999999999961,0.16800000000000068,cd
S191,73,female ,0.03866362851056829,0.012372170048905671,0.04371805575343499,0.007538206092143441,0.02194260388139213,0.009670686456402677,1733.1473027315114,1154.7883398872266,4526.5134962656875,3411.4917331280963,2832.906194258743,,435.4694809449922,1197.1920754545386,4.036429038205065,3.6833609765556568,5.002206959945791,,3.135810256771689,2.5577035821148275,0.13615384615384554,0.08124999999999982,0.115000000000002,,0.2400000000000008,0.12333333333333485,cd
S192,62,female ,0.021811282179101003,0.030161887446174436,0.042813560083826016,0.02867122021854232,0.015329961421798544,0.020075003203226117,3766.922369615288,,4091.4820473296736,4249.607725448673,3242.368587647342,,2427.3839483070888,963.5991506551352,3.559034385079761,2.2295804504829584,3.2871113234206963,3.8805405056373976,4.821179136073383,2.1301401704356504,0.15600000000000194,0.0829629629629633,0.10200000000000033,0.04750000000000298,0.16333333333333164,0.2336363636363641,cd
S162,67,female ,0.015035061959950191,0.028531337224827705,0.04946283557220815,0.019176005053491933,0.06259734724787612,0.023563440527723856,813.9686280303051,426.52712484106047,989.2123687919383,873.2962876940175,2458.249685274266,,530.6433105098297,625.4064982307057,4.729951313142647,3.116319999017781,4.982797011174756,4.154585515273962,3.568107966340144,1.6424391593266428,0.1453846153846136,0.06499999999999931,0.11333333333333387,0.06800000000000067,0.1277777777777792,0.12642857142857242,cd
S207,57,female ,0.05660027714789706,0.00857584017918267,0.10658593129762174,0.054083133419872816,0.06789880072704868,0.03572194277397515,3106.856988082239,736.3591603345449,3653.825030783043,4066.818284269073,4169.1647717236765,,3956.1872929870287,1157.8807257388894,3.845607500844062,2.582410497399371,6.693167938235098,2.60834319804762,3.1164434704818595,0.8549766548960495,0.1150000000000002,0.07230769230769267,0.1900000000000004,0.0649999999999995,0.1750000000000007,0.12999999999999545,cc
S179,74,male ,0.03560657596371897,0.023621021835307343,0.02322515976087408,0.016651573367843026,0.021589063778003847,0.023080541950270057,2260.479470160657,592.4924533397341,3972.100551430352,1991.4481313391407,478.223537254985,,,2338.435368764574,2.2165275383393888,,,,,,0.05799999999999988,0.029999999999999968,,0.029999999999999805,0.03666666666666634,0.02999999999999965,cd
S195,74,female ,0.039050417135053785,0.009871394838931735,0.029520762612409438,0.012327596901673843,0.04718752357944093,0.04156825960118008,745.8616851024989,502.22468883317566,1644.0534500558533,863.2931331556822,2823.516567341997,,494.0128873202236,556.1776380395663,3.9298128338749123,2.5097061547398467,,1.8412886975080989,2.4078421590869707,1.7669419069670678,0.10166666666666672,0.05307692307692222,0.030000000000001137,0.07500000000000108,0.13399999999999998,0.15099999999999944,cc
S194,70,female ,0.02537940978718556,0.06236874827300909,0.015332236168176768,0.037369208846373785,0.011595263863119598,0.01764388405078421,2123.7850949979056,499.97621574516006,3419.106679637669,2046.459256671398,3300.835927695649,,658.8213706101645,1081.8726177115757,3.0635567557362164,2.4686190216047987,,,4.379827779292147,1.5353899873129704,0.10428571428571434,0.06692307692307692,0.03999999999999915,0.05999999999999873,0.10499999999999776,0.17571428571428616,cd
S178,68,female ,0.02759745985937201,0.032485306171528894,0.04096043844146013,0.018477893626000608,0.03260518669317414,0.03189744033683173,1456.1969164274365,553.3227880492336,3797.663907158365,2395.799805184375,2017.9925622312217,,682.2100590119505,1231.6979711287242,4.209040205173862,2.5186138182134368,4.0124755713863935,4.65678142628395,3.652425885118992,2.423663232484069,0.12799999999999975,0.06320000000000048,,0.08000000000000007,0.2266666666666653,0.1399999999999985,cc
S166,73,female ,0.025086134125350282,0.020156944538085902,0.050108014036463484,0.02499668779460043,0.0376291082925225,0.016825630123425632,1218.4047100490302,603.5904028779337,3445.028479215813,1298.8258075292176,2324.3810946057074,,794.1072813599077,795.223196637967,4.203850551611342,2.2969392905006165,4.356448934515726,3.741988123230685,3.0180888967591937,1.0043491779652611,0.10057692307692312,0.05192307692307747,0.09409090909090947,0.06250000000000026,0.14153846153846358,0.12818181818181826,cc
